time,temperature_2m_mean,temperature_2m_max,temperature_2m_min,precipitation_sum,wind_speed_10m_max,cidade,estado,regiao,latitude,longitude
2025-01-01,23.6,28.6,19.3,0.4,11.0,Sorocaba,SP,Sudeste,-23.5015,-47.4526
2025-01-02,23.5,29.4,19.5,1.7,13.2,Sorocaba,SP,Sudeste,-23.5015,-47.4526
2025-01-03,22.7,27.5,19.7,8.7,18.3,Sorocaba,SP,Sudeste,-23.5015,-47.4526
2025-01-04,22.2,26.6,19.7,1.9,13.2,Sorocaba,SP,Sudeste,-23.5015,-47.4526
2025-01-05,22.7,28.2,17.8,22.4,17.1,Sorocaba,SP,Sudeste,-23.5015,-47.4526
2025-01-06,23.6,29.5,18.5,0.6,15.5,Sorocaba,SP,Sudeste,-23.5015,-47.4526
2025-01-07,23.0,29.0,18.5,3.1,13.1,Sorocaba,SP,Sudeste,-23.5015,-47.4526
2025-01-08,23.0,30.1,18.8,2.2,16.2,Sorocaba,SP,Sudeste,-23.5015,-47.4526
2025-01-09,22.6,28.2,19.2,1.3,19.2,Sorocaba,SP,Sudeste,-23.5015,-47.4526
2025-01-10,22.5,28.9,17.4,0.0,16.0,Sorocaba,SP,Sudeste,-23.5015,-47.4526
2025-01-11,22.8,30.8,17.6,0.9,18.3,Sorocaba,SP,Sudeste,-23.5015,-47.4526
2025-01-12,21.8,27.0,18.5,3.2,19.2,Sorocaba,SP,Sudeste,-23.5015,-47.4526
2025-01-13,21.9,29.1,16.9,0.0,20.6,Sorocaba,SP,Sudeste,-23.5015,-47.4526
2025-01-14,22.0,29.0,16.1,0.0,18.3,Sorocaba,SP,Sudeste,-23.5015,-47.4526
2025-01-15,23.2,30.0,18.8,7.6,16.2,Sorocaba,SP,Sudeste,-23.5015,-47.4526
2025-01-16,23.7,29.6,21.4,30.3,12.3,Sorocaba,SP,Sudeste,-23.5015,-47.4526
2025-01-17,23.5,25.9,21.5,6.9,16.2,Sorocaba,SP,Sudeste,-23.5015,-47.4526
2025-01-18,24.5,28.6,20.6,5.6,14.8,Sorocaba,SP,Sudeste,-23.5015,-47.4526
2025-01-19,25.2,29.9,21.2,3.2,13.8,Sorocaba,SP,Sudeste,-23.5015,-47.4526
2025-01-20,25.5,30.1,20.9,0.1,17.7,Sorocaba,SP,Sudeste,-23.5015,-47.4526
2025-01-21,26.0,31.6,21.8,2.6,16.9,Sorocaba,SP,Sudeste,-23.5015,-47.4526
2025-01-22,26.2,32.3,21.9,2.3,17.6,Sorocaba,SP,Sudeste,-23.5015,-47.4526
2025-01-23,26.4,33.8,21.2,0.7,15.4,Sorocaba,SP,Sudeste,-23.5015,-47.4526
2025-01-24,26.3,33.9,21.5,4.4,20.4,Sorocaba,SP,Sudeste,-23.5015,-47.4526
2025-01-25,26.2,34.5,21.6,13.0,19.4,Sorocaba,SP,Sudeste,-23.5015,-47.4526
2025-01-26,24.5,32.4,21.4,15.8,16.1,Sorocaba,SP,Sudeste,-23.5015,-47.4526
2025-01-27,23.2,28.2,20.1,9.0,15.3,Sorocaba,SP,Sudeste,-23.5015,-47.4526
2025-01-28,23.5,28.3,20.0,4.9,8.0,Sorocaba,SP,Sudeste,-23.5015,-47.4526
2025-01-29,23.2,27.5,20.6,13.1,9.9,Sorocaba,SP,Sudeste,-23.5015,-47.4526
2025-01-30,22.4,27.3,20.3,28.1,13.3,Sorocaba,SP,Sudeste,-23.5015,-47.4526
2025-01-31,21.7,25.1,19.9,11.2,13.9,Sorocaba,SP,Sudeste,-23.5015,-47.4526
2025-02-01,21.8,25.7,19.9,32.2,15.7,Sorocaba,SP,Sudeste,-23.5015,-47.4526
2025-02-02,21.8,26.5,19.9,31.2,13.4,Sorocaba,SP,Sudeste,-23.5015,-47.4526
2025-02-03,22.3,25.6,20.7,11.6,19.8,Sorocaba,SP,Sudeste,-23.5015,-47.4526
2025-02-04,22.7,26.3,20.4,13.4,16.3,Sorocaba,SP,Sudeste,-23.5015,-47.4526
2025-02-05,23.3,28.3,20.5,5.2,14.4,Sorocaba,SP,Sudeste,-23.5015,-47.4526
2025-02-06,24.4,29.2,20.1,0.5,10.5,Sorocaba,SP,Sudeste,-23.5015,-47.4526
2025-02-07,24.3,31.0,19.6,2.7,13.4,Sorocaba,SP,Sudeste,-23.5015,-47.4526
2025-02-08,23.9,29.2,20.8,1.6,13.8,Sorocaba,SP,Sudeste,-23.5015,-47.4526
2025-02-09,24.3,29.4,19.3,0.6,10.9,Sorocaba,SP,Sudeste,-23.5015,-47.4526
2025-02-10,24.5,30.0,19.1,1.8,9.1,Sorocaba,SP,Sudeste,-23.5015,-47.4526
2025-02-11,25.4,30.3,20.4,0.0,10.8,Sorocaba,SP,Sudeste,-23.5015,-47.4526
2025-02-12,25.6,30.3,20.8,0.2,12.4,Sorocaba,SP,Sudeste,-23.5015,-47.4526
2025-02-13,24.8,31.2,21.0,1.7,10.3,Sorocaba,SP,Sudeste,-23.5015,-47.4526
2025-02-14,24.9,31.2,20.0,1.5,9.8,Sorocaba,SP,Sudeste,-23.5015,-47.4526
2025-02-15,26.0,31.8,20.5,0.3,8.6,Sorocaba,SP,Sudeste,-23.5015,-47.4526
2025-02-16,28.3,33.8,22.8,0.0,15.9,Sorocaba,SP,Sudeste,-23.5015,-47.4526
2025-02-17,28.8,34.3,22.8,0.0,14.3,Sorocaba,SP,Sudeste,-23.5015,-47.4526
2025-02-18,26.5,33.3,22.1,2.2,13.6,Sorocaba,SP,Sudeste,-23.5015,-47.4526
2025-02-19,25.3,31.4,20.6,9.7,13.1,Sorocaba,SP,Sudeste,-23.5015,-47.4526
2025-02-20,25.0,30.7,20.8,5.2,15.7,Sorocaba,SP,Sudeste,-23.5015,-47.4526
2025-02-21,25.5,32.4,21.7,6.7,12.3,Sorocaba,SP,Sudeste,-23.5015,-47.4526
2025-02-22,24.6,30.2,21.4,2.3,12.6,Sorocaba,SP,Sudeste,-23.5015,-47.4526
2025-02-23,24.6,31.0,19.9,0.8,13.4,Sorocaba,SP,Sudeste,-23.5015,-47.4526
2025-02-24,26.2,33.2,21.2,0.5,14.6,Sorocaba,SP,Sudeste,-23.5015,-47.4526
2025-02-25,27.2,33.3,22.2,0.0,16.1,Sorocaba,SP,Sudeste,-23.5015,-47.4526
2025-02-26,27.5,33.7,22.1,0.0,13.9,Sorocaba,SP,Sudeste,-23.5015,-47.4526
2025-02-27,27.6,33.6,22.4,0.0,13.9,Sorocaba,SP,Sudeste,-23.5015,-47.4526
2025-02-28,27.2,33.6,22.0,0.1,12.1,Sorocaba,SP,Sudeste,-23.5015,-47.4526
2025-03-01,27.2,34.0,22.2,0.2,17.8,Sorocaba,SP,Sudeste,-23.5015,-47.4526
2025-03-02,27.2,33.4,22.2,0.0,15.7,Sorocaba,SP,Sudeste,-23.5015,-47.4526
2025-03-03,26.2,32.7,20.7,1.3,16.0,Sorocaba,SP,Sudeste,-23.5015,-47.4526
2025-03-04,25.9,32.0,21.5,0.2,16.5,Sorocaba,SP,Sudeste,-23.5015,-47.4526
2025-03-05,25.5,30.9,21.2,1.7,13.6,Sorocaba,SP,Sudeste,-23.5015,-47.4526
2025-03-06,25.7,33.1,21.0,0.0,18.2,Sorocaba,SP,Sudeste,-23.5015,-47.4526
2025-03-07,25.9,34.5,20.5,0.0,18.3,Sorocaba,SP,Sudeste,-23.5015,-47.4526
2025-03-08,26.0,32.6,20.8,0.6,15.1,Sorocaba,SP,Sudeste,-23.5015,-47.4526
2025-03-09,26.7,33.8,19.5,0.0,13.3,Sorocaba,SP,Sudeste,-23.5015,-47.4526
2025-03-10,24.5,32.0,21.0,1.5,17.8,Sorocaba,SP,Sudeste,-23.5015,-47.4526
2025-03-11,23.9,29.9,20.6,20.5,12.5,Sorocaba,SP,Sudeste,-23.5015,-47.4526
2025-03-12,24.0,30.1,20.3,4.4,11.4,Sorocaba,SP,Sudeste,-23.5015,-47.4526
2025-03-13,23.4,29.6,20.2,2.7,11.8,Sorocaba,SP,Sudeste,-23.5015,-47.4526
2025-03-14,23.9,29.4,20.2,1.4,11.9,Sorocaba,SP,Sudeste,-23.5015,-47.4526
2025-03-15,23.8,30.1,20.0,1.6,15.3,Sorocaba,SP,Sudeste,-23.5015,-47.4526
2025-03-16,22.9,27.2,20.4,1.0,17.9,Sorocaba,SP,Sudeste,-23.5015,-47.4526
2025-03-17,23.5,30.1,18.9,1.8,11.3,Sorocaba,SP,Sudeste,-23.5015,-47.4526
2025-03-18,23.8,31.6,18.7,4.5,10.1,Sorocaba,SP,Sudeste,-23.5015,-47.4526
2025-03-19,22.3,26.6,19.0,1.8,15.7,Sorocaba,SP,Sudeste,-23.5015,-47.4526
2025-03-20,21.8,29.0,16.9,0.0,17.4,Sorocaba,SP,Sudeste,-23.5015,-47.4526
2025-03-21,22.6,31.2,16.7,0.0,16.4,Sorocaba,SP,Sudeste,-23.5015,-47.4526
2025-03-22,24.7,32.7,18.6,0.0,13.9,Sorocaba,SP,Sudeste,-23.5015,-47.4526
2025-03-23,23.4,29.6,20.1,5.5,12.6,Sorocaba,SP,Sudeste,-23.5015,-47.4526
2025-03-24,23.0,28.2,19.2,2.6,10.1,Sorocaba,SP,Sudeste,-23.5015,-47.4526
2025-03-25,24.2,31.1,19.4,0.2,14.1,Sorocaba,SP,Sudeste,-23.5015,-47.4526
2025-03-26,22.5,26.3,19.8,0.9,16.0,Sorocaba,SP,Sudeste,-23.5015,-47.4526
2025-03-27,23.9,30.5,18.3,0.5,15.3,Sorocaba,SP,Sudeste,-23.5015,-47.4526
2025-03-28,24.3,31.4,20.1,3.2,13.6,Sorocaba,SP,Sudeste,-23.5015,-47.4526
2025-03-29,24.5,30.3,19.6,1.6,11.8,Sorocaba,SP,Sudeste,-23.5015,-47.4526
2025-03-30,24.5,31.3,19.3,0.2,14.1,Sorocaba,SP,Sudeste,-23.5015,-47.4526
2025-03-31,23.2,28.2,20.4,16.2,12.2,Sorocaba,SP,Sudeste,-23.5015,-47.4526
2025-01-01,21.1,27.6,16.9,4.0,11.2,Curitiba,PR,Sul,-25.4284,-49.2733
2025-01-02,21.4,28.1,17.3,12.3,15.7,Curitiba,PR,Sul,-25.4284,-49.2733
2025-01-03,22.8,27.9,18.1,0.0,15.0,Curitiba,PR,Sul,-25.4284,-49.2733
2025-01-04,22.2,27.8,17.7,1.2,14.8,Curitiba,PR,Sul,-25.4284,-49.2733
2025-01-05,20.3,26.9,16.9,2.4,15.3,Curitiba,PR,Sul,-25.4284,-49.2733
2025-01-06,20.3,26.1,17.3,3.1,13.8,Curitiba,PR,Sul,-25.4284,-49.2733
2025-01-07,19.4,24.3,17.3,2.6,14.4,Curitiba,PR,Sul,-25.4284,-49.2733
2025-01-08,18.9,23.3,17.0,11.3,14.7,Curitiba,PR,Sul,-25.4284,-49.2733
2025-01-09,18.6,22.2,16.0,2.6,15.0,Curitiba,PR,Sul,-25.4284,-49.2733
2025-01-10,18.8,25.2,14.7,0.8,13.8,Curitiba,PR,Sul,-25.4284,-49.2733
2025-01-11,18.6,23.1,15.7,20.4,14.9,Curitiba,PR,Sul,-25.4284,-49.2733
2025-01-12,17.5,21.2,15.2,2.9,16.8,Curitiba,PR,Sul,-25.4284,-49.2733
2025-01-13,18.2,24.2,14.7,0.4,15.7,Curitiba,PR,Sul,-25.4284,-49.2733
2025-01-14,18.4,25.3,13.3,0.0,15.8,Curitiba,PR,Sul,-25.4284,-49.2733
2025-01-15,19.0,24.4,13.5,0.5,15.3,Curitiba,PR,Sul,-25.4284,-49.2733
2025-01-16,20.4,24.0,18.0,13.2,16.2,Curitiba,PR,Sul,-25.4284,-49.2733
2025-01-17,21.2,24.7,18.9,11.4,18.8,Curitiba,PR,Sul,-25.4284,-49.2733
2025-01-18,22.7,27.5,20.0,7.3,20.4,Curitiba,PR,Sul,-25.4284,-49.2733
2025-01-19,22.4,26.1,20.6,11.5,14.3,Curitiba,PR,Sul,-25.4284,-49.2733
2025-01-20,23.3,27.6,20.7,1.1,24.7,Curitiba,PR,Sul,-25.4284,-49.2733
2025-01-21,23.0,27.0,20.4,3.7,21.0,Curitiba,PR,Sul,-25.4284,-49.2733
2025-01-22,22.8,28.4,19.6,13.8,15.4,Curitiba,PR,Sul,-25.4284,-49.2733
2025-01-23,22.7,27.8,17.8,2.2,10.5,Curitiba,PR,Sul,-25.4284,-49.2733
2025-01-24,22.1,28.6,19.4,28.8,14.7,Curitiba,PR,Sul,-25.4284,-49.2733
2025-01-25,23.1,29.6,19.2,10.5,14.7,Curitiba,PR,Sul,-25.4284,-49.2733
2025-01-26,21.5,27.4,18.8,2.1,13.4,Curitiba,PR,Sul,-25.4284,-49.2733
2025-01-27,20.7,25.9,17.3,10.8,10.8,Curitiba,PR,Sul,-25.4284,-49.2733
2025-01-28,20.8,25.9,18.2,6.0,10.0,Curitiba,PR,Sul,-25.4284,-49.2733
2025-01-29,21.0,25.9,18.3,11.4,9.8,Curitiba,PR,Sul,-25.4284,-49.2733
2025-01-30,20.8,25.6,18.7,15.2,10.8,Curitiba,PR,Sul,-25.4284,-49.2733
2025-01-31,20.4,24.5,16.9,14.4,10.9,Curitiba,PR,Sul,-25.4284,-49.2733
2025-02-01,20.5,23.7,18.9,11.2,11.2,Curitiba,PR,Sul,-25.4284,-49.2733
2025-02-02,20.8,25.0,18.5,9.6,9.4,Curitiba,PR,Sul,-25.4284,-49.2733
2025-02-03,21.4,26.3,19.2,13.4,12.4,Curitiba,PR,Sul,-25.4284,-49.2733
2025-02-04,21.4,24.1,19.4,6.2,15.5,Curitiba,PR,Sul,-25.4284,-49.2733
2025-02-05,21.4,24.9,18.6,2.0,16.9,Curitiba,PR,Sul,-25.4284,-49.2733
2025-02-06,21.5,25.3,19.5,1.8,17.0,Curitiba,PR,Sul,-25.4284,-49.2733
2025-02-07,21.4,26.2,19.3,11.4,11.7,Curitiba,PR,Sul,-25.4284,-49.2733
2025-02-08,20.4,23.4,19.0,6.1,13.5,Curitiba,PR,Sul,-25.4284,-49.2733
2025-02-09,22.1,27.8,18.3,0.7,8.1,Curitiba,PR,Sul,-25.4284,-49.2733
2025-02-10,21.8,28.9,16.0,0.0,13.9,Curitiba,PR,Sul,-25.4284,-49.2733
2025-02-11,23.1,28.5,18.7,3.8,8.4,Curitiba,PR,Sul,-25.4284,-49.2733
2025-02-12,23.9,29.3,19.2,6.1,12.1,Curitiba,PR,Sul,-25.4284,-49.2733
2025-02-13,22.4,29.5,18.6,20.2,13.1,Curitiba,PR,Sul,-25.4284,-49.2733
2025-02-14,21.3,26.8,18.3,4.3,11.4,Curitiba,PR,Sul,-25.4284,-49.2733
2025-02-15,22.2,27.3,18.9,3.0,6.7,Curitiba,PR,Sul,-25.4284,-49.2733
2025-02-16,23.9,28.5,20.7,1.2,15.9,Curitiba,PR,Sul,-25.4284,-49.2733
2025-02-17,24.7,29.5,21.4,0.4,16.4,Curitiba,PR,Sul,-25.4284,-49.2733
2025-02-18,21.2,26.3,17.9,31.0,12.3,Curitiba,PR,Sul,-25.4284,-49.2733
2025-02-19,20.8,25.7,17.8,6.5,13.6,Curitiba,PR,Sul,-25.4284,-49.2733
2025-02-20,21.9,27.8,17.7,8.5,9.7,Curitiba,PR,Sul,-25.4284,-49.2733
2025-02-21,22.3,27.2,20.0,1.5,12.6,Curitiba,PR,Sul,-25.4284,-49.2733
2025-02-22,21.8,26.5,19.5,0.1,11.4,Curitiba,PR,Sul,-25.4284,-49.2733
2025-02-23,21.7,26.6,19.0,0.1,13.6,Curitiba,PR,Sul,-25.4284,-49.2733
2025-02-24,21.7,27.5,17.6,3.6,10.3,Curitiba,PR,Sul,-25.4284,-49.2733
2025-02-25,22.5,28.4,18.8,3.2,10.7,Curitiba,PR,Sul,-25.4284,-49.2733
2025-02-26,23.1,29.1,18.7,1.3,11.3,Curitiba,PR,Sul,-25.4284,-49.2733
2025-02-27,23.4,30.0,20.0,1.0,11.4,Curitiba,PR,Sul,-25.4284,-49.2733
2025-02-28,23.0,30.6,17.8,0.9,12.8,Curitiba,PR,Sul,-25.4284,-49.2733
2025-03-01,23.1,30.5,16.9,0.9,10.7,Curitiba,PR,Sul,-25.4284,-49.2733
2025-03-02,24.4,32.2,19.0,0.4,14.6,Curitiba,PR,Sul,-25.4284,-49.2733
2025-03-03,23.0,29.5,17.9,0.0,13.8,Curitiba,PR,Sul,-25.4284,-49.2733
2025-03-04,22.3,29.1,17.8,0.1,15.9,Curitiba,PR,Sul,-25.4284,-49.2733
2025-03-05,21.3,26.8,17.3,2.1,16.4,Curitiba,PR,Sul,-25.4284,-49.2733
2025-03-06,21.5,27.3,17.7,0.0,13.8,Curitiba,PR,Sul,-25.4284,-49.2733
2025-03-07,21.4,26.3,17.9,1.4,14.4,Curitiba,PR,Sul,-25.4284,-49.2733
2025-03-08,23.1,30.3,18.3,0.0,12.4,Curitiba,PR,Sul,-25.4284,-49.2733
2025-03-09,23.5,30.4,18.8,3.6,9.7,Curitiba,PR,Sul,-25.4284,-49.2733
2025-03-10,20.1,24.1,18.3,3.2,13.1,Curitiba,PR,Sul,-25.4284,-49.2733
2025-03-11,20.5,26.4,17.8,6.3,11.3,Curitiba,PR,Sul,-25.4284,-49.2733
2025-03-12,20.5,25.6,17.1,11.5,9.6,Curitiba,PR,Sul,-25.4284,-49.2733
2025-03-13,20.9,26.8,18.5,13.6,11.7,Curitiba,PR,Sul,-25.4284,-49.2733
2025-03-14,20.6,25.6,18.1,30.3,10.6,Curitiba,PR,Sul,-25.4284,-49.2733
2025-03-15,19.6,23.3,17.3,2.7,11.6,Curitiba,PR,Sul,-25.4284,-49.2733
2025-03-16,18.9,22.1,17.2,0.3,12.2,Curitiba,PR,Sul,-25.4284,-49.2733
2025-03-17,20.2,25.9,17.2,1.0,12.4,Curitiba,PR,Sul,-25.4284,-49.2733
2025-03-18,20.1,26.2,16.4,4.1,13.9,Curitiba,PR,Sul,-25.4284,-49.2733
2025-03-19,19.1,23.8,15.9,0.4,13.7,Curitiba,PR,Sul,-25.4284,-49.2733
2025-03-20,18.4,24.1,14.8,0.2,13.0,Curitiba,PR,Sul,-25.4284,-49.2733
2025-03-21,18.6,25.4,14.7,0.0,15.0,Curitiba,PR,Sul,-25.4284,-49.2733
2025-03-22,19.5,26.1,13.8,0.0,12.4,Curitiba,PR,Sul,-25.4284,-49.2733
2025-03-23,20.8,26.3,17.1,5.7,10.5,Curitiba,PR,Sul,-25.4284,-49.2733
2025-03-24,21.3,28.0,16.4,0.3,9.0,Curitiba,PR,Sul,-25.4284,-49.2733
2025-03-25,21.2,27.6,17.1,2.2,12.0,Curitiba,PR,Sul,-25.4284,-49.2733
2025-03-26,19.9,23.1,18.2,5.0,12.8,Curitiba,PR,Sul,-25.4284,-49.2733
2025-03-27,20.0,24.5,17.0,1.1,12.1,Curitiba,PR,Sul,-25.4284,-49.2733
2025-03-28,21.0,27.0,17.3,7.3,9.1,Curitiba,PR,Sul,-25.4284,-49.2733
2025-03-29,21.5,27.5,18.7,7.5,10.7,Curitiba,PR,Sul,-25.4284,-49.2733
2025-03-30,21.3,26.5,18.4,0.0,11.5,Curitiba,PR,Sul,-25.4284,-49.2733
2025-03-31,22.2,28.9,16.2,0.0,9.6,Curitiba,PR,Sul,-25.4284,-49.2733
2025-01-01,27.0,29.1,25.1,3.7,19.2,Recife,PE,Nordeste,-8.0476,-34.877
2025-01-02,27.0,29.3,24.5,2.3,18.3,Recife,PE,Nordeste,-8.0476,-34.877
2025-01-03,27.2,29.6,25.4,1.3,16.8,Recife,PE,Nordeste,-8.0476,-34.877
2025-01-04,27.2,29.7,25.2,3.6,15.7,Recife,PE,Nordeste,-8.0476,-34.877
2025-01-05,27.4,30.1,25.2,3.8,15.7,Recife,PE,Nordeste,-8.0476,-34.877
2025-01-06,27.0,29.8,24.2,3.9,18.4,Recife,PE,Nordeste,-8.0476,-34.877
2025-01-07,27.3,29.8,24.8,1.5,16.8,Recife,PE,Nordeste,-8.0476,-34.877
2025-01-08,27.5,30.1,24.9,0.0,13.8,Recife,PE,Nordeste,-8.0476,-34.877
2025-01-09,28.1,31.1,25.9,1.0,16.2,Recife,PE,Nordeste,-8.0476,-34.877
2025-01-10,27.7,30.8,25.4,1.8,18.5,Recife,PE,Nordeste,-8.0476,-34.877
2025-01-11,27.7,31.0,25.0,1.3,18.0,Recife,PE,Nordeste,-8.0476,-34.877
2025-01-12,26.3,28.8,24.3,10.2,14.1,Recife,PE,Nordeste,-8.0476,-34.877
2025-01-13,25.7,27.7,23.8,3.1,11.2,Recife,PE,Nordeste,-8.0476,-34.877
2025-01-14,26.2,29.0,24.0,5.5,13.2,Recife,PE,Nordeste,-8.0476,-34.877
2025-01-15,27.3,29.9,25.4,0.4,14.8,Recife,PE,Nordeste,-8.0476,-34.877
2025-01-16,26.9,29.2,24.7,0.6,13.6,Recife,PE,Nordeste,-8.0476,-34.877
2025-01-17,26.8,29.4,24.2,0.9,13.9,Recife,PE,Nordeste,-8.0476,-34.877
2025-01-18,27.4,30.1,24.5,0.6,12.0,Recife,PE,Nordeste,-8.0476,-34.877
2025-01-19,26.2,28.9,23.7,5.3,12.3,Recife,PE,Nordeste,-8.0476,-34.877
2025-01-20,26.9,30.8,23.4,1.9,13.0,Recife,PE,Nordeste,-8.0476,-34.877
2025-01-21,27.5,31.6,23.6,2.3,15.1,Recife,PE,Nordeste,-8.0476,-34.877
2025-01-22,27.4,30.5,24.7,2.3,16.0,Recife,PE,Nordeste,-8.0476,-34.877
2025-01-23,27.2,30.1,24.3,2.0,11.1,Recife,PE,Nordeste,-8.0476,-34.877
2025-01-24,27.7,30.4,25.3,0.9,13.9,Recife,PE,Nordeste,-8.0476,-34.877
2025-01-25,26.6,29.3,24.2,3.4,13.2,Recife,PE,Nordeste,-8.0476,-34.877
2025-01-26,25.7,28.4,23.5,10.6,12.0,Recife,PE,Nordeste,-8.0476,-34.877
2025-01-27,25.8,29.0,23.6,12.3,12.9,Recife,PE,Nordeste,-8.0476,-34.877
2025-01-28,25.5,27.5,22.9,17.3,10.0,Recife,PE,Nordeste,-8.0476,-34.877
2025-01-29,25.6,27.5,23.9,2.5,12.6,Recife,PE,Nordeste,-8.0476,-34.877
2025-01-30,26.8,29.6,24.0,3.7,13.2,Recife,PE,Nordeste,-8.0476,-34.877
2025-01-31,27.4,30.1,25.0,0.2,14.1,Recife,PE,Nordeste,-8.0476,-34.877
2025-02-01,26.7,28.9,24.7,4.3,16.9,Recife,PE,Nordeste,-8.0476,-34.877
2025-02-02,27.4,29.9,25.1,0.1,13.3,Recife,PE,Nordeste,-8.0476,-34.877
2025-02-03,26.9,29.9,24.0,4.8,19.6,Recife,PE,Nordeste,-8.0476,-34.877
2025-02-04,24.8,26.5,23.1,13.4,16.5,Recife,PE,Nordeste,-8.0476,-34.877
2025-02-05,24.6,26.4,23.2,23.3,16.8,Recife,PE,Nordeste,-8.0476,-34.877
2025-02-06,25.2,27.6,23.7,14.5,14.1,Recife,PE,Nordeste,-8.0476,-34.877
2025-02-07,26.8,29.0,25.4,1.4,15.8,Recife,PE,Nordeste,-8.0476,-34.877
2025-02-08,26.3,29.0,23.6,1.6,12.3,Recife,PE,Nordeste,-8.0476,-34.877
2025-02-09,26.7,29.6,23.5,2.1,16.2,Recife,PE,Nordeste,-8.0476,-34.877
2025-02-10,27.4,29.4,25.8,0.5,18.9,Recife,PE,Nordeste,-8.0476,-34.877
2025-02-11,26.8,29.2,24.1,3.1,18.1,Recife,PE,Nordeste,-8.0476,-34.877
2025-02-12,27.1,29.4,25.2,2.3,16.8,Recife,PE,Nordeste,-8.0476,-34.877
2025-02-13,27.0,29.1,24.9,0.5,16.9,Recife,PE,Nordeste,-8.0476,-34.877
2025-02-14,27.1,29.3,24.8,1.5,16.1,Recife,PE,Nordeste,-8.0476,-34.877
2025-02-15,26.6,28.9,23.7,1.8,18.0,Recife,PE,Nordeste,-8.0476,-34.877
2025-02-16,26.4,28.9,23.5,7.1,19.7,Recife,PE,Nordeste,-8.0476,-34.877
2025-02-17,27.1,29.7,24.5,2.3,17.0,Recife,PE,Nordeste,-8.0476,-34.877
2025-02-18,27.2,30.0,24.5,0.7,16.5,Recife,PE,Nordeste,-8.0476,-34.877
2025-02-19,26.8,29.7,23.8,3.2,15.2,Recife,PE,Nordeste,-8.0476,-34.877
2025-02-20,27.5,29.9,25.2,1.7,17.4,Recife,PE,Nordeste,-8.0476,-34.877
2025-02-21,27.8,30.2,25.7,0.5,14.6,Recife,PE,Nordeste,-8.0476,-34.877
2025-02-22,27.3,30.4,24.8,1.8,17.7,Recife,PE,Nordeste,-8.0476,-34.877
2025-02-23,27.3,30.4,24.0,2.2,14.4,Recife,PE,Nordeste,-8.0476,-34.877
2025-02-24,27.9,30.9,25.1,0.8,16.8,Recife,PE,Nordeste,-8.0476,-34.877
2025-02-25,27.1,30.1,23.7,2.5,15.5,Recife,PE,Nordeste,-8.0476,-34.877
2025-02-26,28.0,31.0,25.4,0.6,15.9,Recife,PE,Nordeste,-8.0476,-34.877
2025-02-27,26.4,29.3,24.2,6.9,17.8,Recife,PE,Nordeste,-8.0476,-34.877
2025-02-28,26.3,28.3,24.2,5.8,16.5,Recife,PE,Nordeste,-8.0476,-34.877
2025-03-01,26.7,28.8,24.8,4.4,15.0,Recife,PE,Nordeste,-8.0476,-34.877
2025-03-02,26.4,28.6,24.2,4.4,15.7,Recife,PE,Nordeste,-8.0476,-34.877
2025-03-03,26.2,28.5,24.1,6.0,19.6,Recife,PE,Nordeste,-8.0476,-34.877
2025-03-04,27.2,29.9,24.6,2.6,16.5,Recife,PE,Nordeste,-8.0476,-34.877
2025-03-05,27.6,30.1,25.2,1.0,19.3,Recife,PE,Nordeste,-8.0476,-34.877
2025-03-06,26.8,29.4,24.4,4.8,21.2,Recife,PE,Nordeste,-8.0476,-34.877
2025-03-07,25.8,28.9,23.9,9.3,20.0,Recife,PE,Nordeste,-8.0476,-34.877
2025-03-08,26.4,28.7,24.3,4.0,17.7,Recife,PE,Nordeste,-8.0476,-34.877
2025-03-09,26.6,29.3,24.4,7.1,18.5,Recife,PE,Nordeste,-8.0476,-34.877
2025-03-10,27.1,29.6,25.0,2.8,17.9,Recife,PE,Nordeste,-8.0476,-34.877
2025-03-11,27.2,29.5,25.3,2.2,19.8,Recife,PE,Nordeste,-8.0476,-34.877
2025-03-12,26.8,29.0,25.1,3.4,18.3,Recife,PE,Nordeste,-8.0476,-34.877
2025-03-13,26.8,29.6,24.1,2.6,15.3,Recife,PE,Nordeste,-8.0476,-34.877
2025-03-14,25.9,28.6,24.3,10.9,11.2,Recife,PE,Nordeste,-8.0476,-34.877
2025-03-15,26.2,29.0,23.7,4.8,11.7,Recife,PE,Nordeste,-8.0476,-34.877
2025-03-16,25.8,28.9,23.3,12.9,15.3,Recife,PE,Nordeste,-8.0476,-34.877
2025-03-17,26.3,28.9,23.4,2.7,15.5,Recife,PE,Nordeste,-8.0476,-34.877
2025-03-18,27.1,30.2,23.9,0.6,11.9,Recife,PE,Nordeste,-8.0476,-34.877
2025-03-19,27.9,30.7,25.4,0.4,13.6,Recife,PE,Nordeste,-8.0476,-34.877
2025-03-20,28.4,31.5,25.4,0.1,13.5,Recife,PE,Nordeste,-8.0476,-34.877
2025-03-21,28.5,31.5,26.4,0.6,13.1,Recife,PE,Nordeste,-8.0476,-34.877
2025-03-22,28.1,31.4,25.2,0.8,14.4,Recife,PE,Nordeste,-8.0476,-34.877
2025-03-23,28.3,31.2,25.5,0.2,13.3,Recife,PE,Nordeste,-8.0476,-34.877
2025-03-24,27.8,31.3,24.8,1.3,14.5,Recife,PE,Nordeste,-8.0476,-34.877
2025-03-25,27.5,30.3,24.7,1.5,14.9,Recife,PE,Nordeste,-8.0476,-34.877
2025-03-26,28.5,31.7,25.7,0.2,14.0,Recife,PE,Nordeste,-8.0476,-34.877
2025-03-27,26.6,29.2,24.3,3.4,13.8,Recife,PE,Nordeste,-8.0476,-34.877
2025-03-28,26.4,28.7,24.3,2.8,13.5,Recife,PE,Nordeste,-8.0476,-34.877
2025-03-29,27.8,30.6,25.3,1.2,13.4,Recife,PE,Nordeste,-8.0476,-34.877
2025-03-30,27.4,30.4,24.3,2.3,16.3,Recife,PE,Nordeste,-8.0476,-34.877
2025-03-31,28.2,30.9,26.5,1.9,17.2,Recife,PE,Nordeste,-8.0476,-34.877
